-- phpMyAdmin SQL Dump
-- version 5.1.1
-- https://www.phpmyadmin.net/
--
-- Хост: 127.0.0.1:3306
-- Время создания: Апр 25 2023 г., 19:44
-- Версия сервера: 8.0.24
-- Версия PHP: 8.0.14

SET SQL_MODE = "NO_AUTO_VALUE_ON_ZERO";
START TRANSACTION;
SET time_zone = "+00:00";


/*!40101 SET @OLD_CHARACTER_SET_CLIENT=@@CHARACTER_SET_CLIENT */;
/*!40101 SET @OLD_CHARACTER_SET_RESULTS=@@CHARACTER_SET_RESULTS */;
/*!40101 SET @OLD_COLLATION_CONNECTION=@@COLLATION_CONNECTION */;
/*!40101 SET NAMES utf8mb4 */;

--
-- База данных: `nastyanews_test`
--

-- --------------------------------------------------------

--
-- Структура таблицы `comments`
--

CREATE TABLE `comments` (
  `id` int NOT NULL,
  `user_id` int NOT NULL,
  `new_id` int NOT NULL,
  `content` longtext CHARACTER SET utf8mb4 COLLATE utf8mb4_unicode_ci NOT NULL,
  `date_load` datetime NOT NULL,
  `active` tinyint(1) NOT NULL
) ENGINE=InnoDB DEFAULT CHARSET=utf8mb4 COLLATE=utf8mb4_unicode_ci;

--
-- Дамп данных таблицы `comments`
--

INSERT INTO `comments` (`id`, `user_id`, `new_id`, `content`, `date_load`, `active`) VALUES
(394, 197, 467, 'Очень интересная новость)', '2023-04-25 19:42:26', 0),
(395, 197, 468, 'Очень интересная новость)', '2023-04-25 19:42:26', 1),
(396, 197, 469, 'Очень интересная новость)', '2023-04-25 19:42:26', 1),
(397, 197, 470, 'Очень интересная новость)', '2023-04-25 19:42:26', 0),
(398, 197, 471, 'Очень интересная новость)', '2023-04-25 19:42:26', 1),
(399, 197, 472, 'Очень интересная новость)', '2023-04-25 19:42:26', 1),
(400, 197, 473, 'Очень интересная новость)', '2023-04-25 19:42:26', 0),
(401, 197, 474, 'Очень интересная новость)', '2023-04-25 19:42:26', 1),
(402, 197, 475, 'Очень интересная новость)', '2023-04-25 19:42:26', 1),
(403, 197, 476, 'Очень интересная новость)', '2023-04-25 19:42:26', 0),
(404, 197, 477, 'Очень интересная новость)', '2023-04-25 19:42:26', 1),
(405, 197, 478, 'Очень интересная новость)', '2023-04-25 19:42:26', 1),
(406, 197, 479, 'Очень интересная новость)', '2023-04-25 19:42:26', 0),
(407, 197, 480, 'Очень интересная новость)', '2023-04-25 19:42:26', 1),
(408, 197, 481, 'Очень интересная новость)', '2023-04-25 19:42:26', 1),
(409, 197, 482, 'Очень интересная новость)', '2023-04-25 19:42:26', 0),
(410, 197, 483, 'Очень интересная новость)', '2023-04-25 19:42:26', 1),
(411, 197, 484, 'Очень интересная новость)', '2023-04-25 19:42:26', 1),
(412, 197, 485, 'Очень интересная новость)', '2023-04-25 19:42:26', 0),
(413, 197, 486, 'Очень интересная новость)', '2023-04-25 19:42:26', 1);

-- --------------------------------------------------------

--
-- Структура таблицы `doctrine_migration_versions`
--

CREATE TABLE `doctrine_migration_versions` (
  `version` varchar(191) CHARACTER SET utf8 COLLATE utf8_unicode_ci NOT NULL,
  `executed_at` datetime DEFAULT NULL,
  `execution_time` int DEFAULT NULL
) ENGINE=InnoDB DEFAULT CHARSET=utf8mb3 COLLATE=utf8_unicode_ci;

-- --------------------------------------------------------

--
-- Структура таблицы `messenger_messages`
--

CREATE TABLE `messenger_messages` (
  `id` bigint NOT NULL,
  `body` longtext CHARACTER SET utf8mb4 COLLATE utf8mb4_unicode_ci NOT NULL,
  `headers` longtext CHARACTER SET utf8mb4 COLLATE utf8mb4_unicode_ci NOT NULL,
  `queue_name` varchar(190) CHARACTER SET utf8mb4 COLLATE utf8mb4_unicode_ci NOT NULL,
  `created_at` datetime NOT NULL,
  `available_at` datetime NOT NULL,
  `delivered_at` datetime DEFAULT NULL
) ENGINE=InnoDB DEFAULT CHARSET=utf8mb4 COLLATE=utf8mb4_unicode_ci;

-- --------------------------------------------------------

--
-- Структура таблицы `news`
--

CREATE TABLE `news` (
  `id` int NOT NULL,
  `user_id` int NOT NULL,
  `name` varchar(255) CHARACTER SET utf8mb4 COLLATE utf8mb4_unicode_ci NOT NULL,
  `date_load` datetime NOT NULL,
  `description` longtext CHARACTER SET utf8mb4 COLLATE utf8mb4_unicode_ci NOT NULL,
  `views_num` int DEFAULT NULL,
  `content` longtext CHARACTER SET utf8mb4 COLLATE utf8mb4_unicode_ci NOT NULL,
  `fotopath` varchar(255) CHARACTER SET utf8mb4 COLLATE utf8mb4_unicode_ci NOT NULL,
  `active` tinyint(1) NOT NULL
) ENGINE=InnoDB DEFAULT CHARSET=utf8mb4 COLLATE=utf8mb4_unicode_ci;

--
-- Дамп данных таблицы `news`
--

INSERT INTO `news` (`id`, `user_id`, `name`, `date_load`, `description`, `views_num`, `content`, `fotopath`, `active`) VALUES
(467, 197, 'Статистика №1', '2023-04-25 19:42:26', 'В Липецкой области в январе за январь ликвидированы 113 предприятий и организаций', 0, 'Росстат опубликовал некоторые итоги социально-экономического развития регионов в январе. По данным статистики, промышленное производство в Липецкой области упало на 2,7% по сравнению с показателем января 2022 года. В минусе вместе с нашей областью оказалось еще четыре региона России. ЦФО в целом, напротив, показало рост (+3,2%).\n\nВ январе промышленники Липецкой области отгрузили товаров на 452 млн рублей, меньше на 18,7, чем в январем 2022-го. По этому показателю лучше нас сработали в Москве, Московской, Белгородской, Владимирской, Воронежской, Тульской и Курской областях. Но если говорить об отношении января к декабрю прошлого года, то у нас случился пусть небольшой, но рост (+1,2% ). Заметим, у единственного субъекта ЦФО. Ближе к нам лишь Белгородская область с ее 93,7% роста к последнему месяцу прошлого года. А хуже всех обстоят дела в Ярославской области с ее абсолютно провальными 22,3%.\n\nВ январе этого года в Липецкой области на убой в живом весе сдано 28,4 тысячи тонн скота и птицы (+18% к январю 2022 года), молока надоено 20,4 тысячи тонн (+4,2%), яиц получено 58,4 млн штук (+4,4%). Но даже с небольшим падением по ряду показателей безоговорочный лидер в АПК — Белгородская область, где в январе на убой в живом весе сдано 138,9 тысячи тонн скота и птицы, надой составил 50,4 тысячи тонн, курицы снесли 118,8 млн штук яиц. На втором месте по валу производства продукции животноводства — Воронежская область. По производству мяса и молока наш регион потеснила Курская область.\n\nВ Липецкой области в январе ввели в эксплуатацию 85,9 тыс кв.м жилья. По графе «строительство жилых домов» с учетом частных — падение на 6,2% относительно января 2022 года. Меньше, чем по ЦФО с его средним падением на 3,6. Больше нас жилья в физических объемах построили в Москве (996,7 тыс. кв.м) и Подмосковье (1098,2 тыс. кв.м), а также в Брянской (185,8 тыс. кв.м), Воронежской (122 тыс. кв.м), Калужской (174 тыс кв.м), Рязанской (102,7 тыс. кв.м), Тульской (123 тыс. кв.м) и Ярославской областях (105,4 тыс. кв.м). У 12 наших соседей объемы строительства жилья (в процентах) выше по отношению к январю 2022 года.\n\nВ январе этого года число хозяйствующих субъектов в регионе уменьшилось с 18 884 до 18 441. Впрочем, прибавку новых предприятий и организаций в ЦФО показали лишь Москва и Смоленская область. Ситуацию ухудшает показатель числа официально ликвидированных организаций в расчете на 1000 существующих: у нас он 6,4 (второй с конца по ЦФО и шестой из наихудших по стране). В Липецкой области в январе ликвидированы 113 организаций. Хуже, чем у нас, дела обстоят в Тульской области, где закрылись 193 предприятия. В Липецкой области, кстати, убыточно каждое четвертое предприятие. По ЦФО доля прибыльных предприятий — 73,9%.\n\nЕсли говорить о заработной плате, то Росстат заявляет о средних 46 355 рублях (+15%) по Липецкой области в 2022 году. Это — седьмой показатель в ЦФО с его и вовсе заоблачными для липчан 81 380 рублями.\n\nЛипчане оставили в магазинах в январе 26,1 млрд рублей — на 5,3% меньше, чем в январе 2022 года. Но по ЦФО падение товарооборота составило даже большую цифру — 10,8%. При этом в Москве и в Московской области товарооборот за год упал на 13,5% и на 13,8% соответственно.\n\nОборот общественного питания в январе этого года по отношению к январю 2022-го упал в Липецкой области на 2,4% (на рестораны и кафе липчане потратили 822,2 млн рублей). В 10 регионах ЦФО: Москве, Брянской, Владимирской, Воронежской, Костромской, Курской, Орловской, Рязанской, Смоленской и Тамбовской областях в этом январе на общественное питание потратили больше денег, чем в январе прошлого года.\n\nПо объему платных услуг в январе этого года к январю прошлого года у Липецкой области — второй наихудший показатель по ЦФО. Мы упали на 4,4% в то время, как наши соседи в целом показали рост в 1,5%.', 'news1.jpg', 1),
(468, 197, 'Мошенничество №2', '2023-04-25 19:42:26', 'За сутки жители Липецкой области перевели мошенникам более миллиона рублей', 0, 'По данным пресс-служба полиции, за сутки мошенники обманули жителей Липецкой области более чем на миллион рублей. Но есть и истории со счастливым концом.\n\n«43-летней ельчанке 2 марта позвонил на сотовый телефон «следователь» и сообщил, на имя женщины пытаются оформить кредит. Чтобы не лишиться денег, женщина должна была перечислить средства на безопасный счёт. Ельчанка сразу же догадалась, что имеет дело с мошенникам, внимательно выслушала сначала «полицейского», затем «банковского специалиста», сняла 485 000 рублей со счёта, но перечислять на указанный мошенниками номер не стала. Она закончила телефонные переговоры и обратилась в дежурную часть елецкой полиции. Позже злоумышленники попытались возобновить с ней общение, но женщина не стала отвечать на их звонки», - сообщает пресс-служба УМВД России по Липецкой области.', 'news2.jpg', 0),
(469, 197, 'Наука №3', '2023-04-25 19:42:26', 'Невозможные объекты: в глубоком космосе найдены \"разрушители Вселенной\"', 0, 'Эволюцию Вселенной описывает стандартная космологическпя модель ΛCDM (читается как лямбда-си-ди-эм), основанная на Общей теории относительности Эйнштейна.\nCDM — это cold dark matter, \"холодная темная материя\". На нее приходится около 25 процентов Вселенной. В электромагнитном взаимодействии не участвует, поэтому не фиксируется средствами наблюдения, имеющимися у человечества.\nОднако у нее есть сила притяжения. Сгустки темной материи сыграли ключевую роль в формировании Вселенной — именно вокруг них группировались атомы видимого вещества, которые в конце концов образовали звезды и галактики. Масса и сложность структуры увеличивались постепенно. Поэтому логично предположить, что молодые галактики были меньше и проще, нежели более зрелые, такие как наш Млечный Путь.\nНовейшие телескопы позволили ученым заглянуть в прошлое и проверить эту гипотезу. Известно, что Вселенная расширяется с ускорением под действием силы, противоположной гравитации, — гипотетической темной энергии. Она не способна разрушить галактики, \"скрепленные\" темной материей, поэтому просто \"растаскивает\" их в разные стороны.', 'news3.jpg', 1),
(470, 197, 'Статистика №4', '2023-04-25 19:42:26', 'В Липецкой области в январе за январь ликвидированы 113 предприятий и организаций', 0, 'Росстат опубликовал некоторые итоги социально-экономического развития регионов в январе. По данным статистики, промышленное производство в Липецкой области упало на 2,7% по сравнению с показателем января 2022 года. В минусе вместе с нашей областью оказалось еще четыре региона России. ЦФО в целом, напротив, показало рост (+3,2%).\n\nВ январе промышленники Липецкой области отгрузили товаров на 452 млн рублей, меньше на 18,7, чем в январем 2022-го. По этому показателю лучше нас сработали в Москве, Московской, Белгородской, Владимирской, Воронежской, Тульской и Курской областях. Но если говорить об отношении января к декабрю прошлого года, то у нас случился пусть небольшой, но рост (+1,2% ). Заметим, у единственного субъекта ЦФО. Ближе к нам лишь Белгородская область с ее 93,7% роста к последнему месяцу прошлого года. А хуже всех обстоят дела в Ярославской области с ее абсолютно провальными 22,3%.\n\nВ январе этого года в Липецкой области на убой в живом весе сдано 28,4 тысячи тонн скота и птицы (+18% к январю 2022 года), молока надоено 20,4 тысячи тонн (+4,2%), яиц получено 58,4 млн штук (+4,4%). Но даже с небольшим падением по ряду показателей безоговорочный лидер в АПК — Белгородская область, где в январе на убой в живом весе сдано 138,9 тысячи тонн скота и птицы, надой составил 50,4 тысячи тонн, курицы снесли 118,8 млн штук яиц. На втором месте по валу производства продукции животноводства — Воронежская область. По производству мяса и молока наш регион потеснила Курская область.\n\nВ Липецкой области в январе ввели в эксплуатацию 85,9 тыс кв.м жилья. По графе «строительство жилых домов» с учетом частных — падение на 6,2% относительно января 2022 года. Меньше, чем по ЦФО с его средним падением на 3,6. Больше нас жилья в физических объемах построили в Москве (996,7 тыс. кв.м) и Подмосковье (1098,2 тыс. кв.м), а также в Брянской (185,8 тыс. кв.м), Воронежской (122 тыс. кв.м), Калужской (174 тыс кв.м), Рязанской (102,7 тыс. кв.м), Тульской (123 тыс. кв.м) и Ярославской областях (105,4 тыс. кв.м). У 12 наших соседей объемы строительства жилья (в процентах) выше по отношению к январю 2022 года.\n\nВ январе этого года число хозяйствующих субъектов в регионе уменьшилось с 18 884 до 18 441. Впрочем, прибавку новых предприятий и организаций в ЦФО показали лишь Москва и Смоленская область. Ситуацию ухудшает показатель числа официально ликвидированных организаций в расчете на 1000 существующих: у нас он 6,4 (второй с конца по ЦФО и шестой из наихудших по стране). В Липецкой области в январе ликвидированы 113 организаций. Хуже, чем у нас, дела обстоят в Тульской области, где закрылись 193 предприятия. В Липецкой области, кстати, убыточно каждое четвертое предприятие. По ЦФО доля прибыльных предприятий — 73,9%.\n\nЕсли говорить о заработной плате, то Росстат заявляет о средних 46 355 рублях (+15%) по Липецкой области в 2022 году. Это — седьмой показатель в ЦФО с его и вовсе заоблачными для липчан 81 380 рублями.\n\nЛипчане оставили в магазинах в январе 26,1 млрд рублей — на 5,3% меньше, чем в январе 2022 года. Но по ЦФО падение товарооборота составило даже большую цифру — 10,8%. При этом в Москве и в Московской области товарооборот за год упал на 13,5% и на 13,8% соответственно.\n\nОборот общественного питания в январе этого года по отношению к январю 2022-го упал в Липецкой области на 2,4% (на рестораны и кафе липчане потратили 822,2 млн рублей). В 10 регионах ЦФО: Москве, Брянской, Владимирской, Воронежской, Костромской, Курской, Орловской, Рязанской, Смоленской и Тамбовской областях в этом январе на общественное питание потратили больше денег, чем в январе прошлого года.\n\nПо объему платных услуг в январе этого года к январю прошлого года у Липецкой области — второй наихудший показатель по ЦФО. Мы упали на 4,4% в то время, как наши соседи в целом показали рост в 1,5%.', 'news1.jpg', 1),
(471, 197, 'Мошенничество №5', '2023-04-25 19:42:26', 'За сутки жители Липецкой области перевели мошенникам более миллиона рублей', 0, 'По данным пресс-служба полиции, за сутки мошенники обманули жителей Липецкой области более чем на миллион рублей. Но есть и истории со счастливым концом.\n\n«43-летней ельчанке 2 марта позвонил на сотовый телефон «следователь» и сообщил, на имя женщины пытаются оформить кредит. Чтобы не лишиться денег, женщина должна была перечислить средства на безопасный счёт. Ельчанка сразу же догадалась, что имеет дело с мошенникам, внимательно выслушала сначала «полицейского», затем «банковского специалиста», сняла 485 000 рублей со счёта, но перечислять на указанный мошенниками номер не стала. Она закончила телефонные переговоры и обратилась в дежурную часть елецкой полиции. Позже злоумышленники попытались возобновить с ней общение, но женщина не стала отвечать на их звонки», - сообщает пресс-служба УМВД России по Липецкой области.', 'news2.jpg', 0),
(472, 197, 'Наука №6', '2023-04-25 19:42:26', 'Невозможные объекты: в глубоком космосе найдены \"разрушители Вселенной\"', 0, 'Эволюцию Вселенной описывает стандартная космологическпя модель ΛCDM (читается как лямбда-си-ди-эм), основанная на Общей теории относительности Эйнштейна.\nCDM — это cold dark matter, \"холодная темная материя\". На нее приходится около 25 процентов Вселенной. В электромагнитном взаимодействии не участвует, поэтому не фиксируется средствами наблюдения, имеющимися у человечества.\nОднако у нее есть сила притяжения. Сгустки темной материи сыграли ключевую роль в формировании Вселенной — именно вокруг них группировались атомы видимого вещества, которые в конце концов образовали звезды и галактики. Масса и сложность структуры увеличивались постепенно. Поэтому логично предположить, что молодые галактики были меньше и проще, нежели более зрелые, такие как наш Млечный Путь.\nНовейшие телескопы позволили ученым заглянуть в прошлое и проверить эту гипотезу. Известно, что Вселенная расширяется с ускорением под действием силы, противоположной гравитации, — гипотетической темной энергии. Она не способна разрушить галактики, \"скрепленные\" темной материей, поэтому просто \"растаскивает\" их в разные стороны.', 'news3.jpg', 1),
(473, 197, 'Статистика №7', '2023-04-25 19:42:26', 'В Липецкой области в январе за январь ликвидированы 113 предприятий и организаций', 0, 'Росстат опубликовал некоторые итоги социально-экономического развития регионов в январе. По данным статистики, промышленное производство в Липецкой области упало на 2,7% по сравнению с показателем января 2022 года. В минусе вместе с нашей областью оказалось еще четыре региона России. ЦФО в целом, напротив, показало рост (+3,2%).\n\nВ январе промышленники Липецкой области отгрузили товаров на 452 млн рублей, меньше на 18,7, чем в январем 2022-го. По этому показателю лучше нас сработали в Москве, Московской, Белгородской, Владимирской, Воронежской, Тульской и Курской областях. Но если говорить об отношении января к декабрю прошлого года, то у нас случился пусть небольшой, но рост (+1,2% ). Заметим, у единственного субъекта ЦФО. Ближе к нам лишь Белгородская область с ее 93,7% роста к последнему месяцу прошлого года. А хуже всех обстоят дела в Ярославской области с ее абсолютно провальными 22,3%.\n\nВ январе этого года в Липецкой области на убой в живом весе сдано 28,4 тысячи тонн скота и птицы (+18% к январю 2022 года), молока надоено 20,4 тысячи тонн (+4,2%), яиц получено 58,4 млн штук (+4,4%). Но даже с небольшим падением по ряду показателей безоговорочный лидер в АПК — Белгородская область, где в январе на убой в живом весе сдано 138,9 тысячи тонн скота и птицы, надой составил 50,4 тысячи тонн, курицы снесли 118,8 млн штук яиц. На втором месте по валу производства продукции животноводства — Воронежская область. По производству мяса и молока наш регион потеснила Курская область.\n\nВ Липецкой области в январе ввели в эксплуатацию 85,9 тыс кв.м жилья. По графе «строительство жилых домов» с учетом частных — падение на 6,2% относительно января 2022 года. Меньше, чем по ЦФО с его средним падением на 3,6. Больше нас жилья в физических объемах построили в Москве (996,7 тыс. кв.м) и Подмосковье (1098,2 тыс. кв.м), а также в Брянской (185,8 тыс. кв.м), Воронежской (122 тыс. кв.м), Калужской (174 тыс кв.м), Рязанской (102,7 тыс. кв.м), Тульской (123 тыс. кв.м) и Ярославской областях (105,4 тыс. кв.м). У 12 наших соседей объемы строительства жилья (в процентах) выше по отношению к январю 2022 года.\n\nВ январе этого года число хозяйствующих субъектов в регионе уменьшилось с 18 884 до 18 441. Впрочем, прибавку новых предприятий и организаций в ЦФО показали лишь Москва и Смоленская область. Ситуацию ухудшает показатель числа официально ликвидированных организаций в расчете на 1000 существующих: у нас он 6,4 (второй с конца по ЦФО и шестой из наихудших по стране). В Липецкой области в январе ликвидированы 113 организаций. Хуже, чем у нас, дела обстоят в Тульской области, где закрылись 193 предприятия. В Липецкой области, кстати, убыточно каждое четвертое предприятие. По ЦФО доля прибыльных предприятий — 73,9%.\n\nЕсли говорить о заработной плате, то Росстат заявляет о средних 46 355 рублях (+15%) по Липецкой области в 2022 году. Это — седьмой показатель в ЦФО с его и вовсе заоблачными для липчан 81 380 рублями.\n\nЛипчане оставили в магазинах в январе 26,1 млрд рублей — на 5,3% меньше, чем в январе 2022 года. Но по ЦФО падение товарооборота составило даже большую цифру — 10,8%. При этом в Москве и в Московской области товарооборот за год упал на 13,5% и на 13,8% соответственно.\n\nОборот общественного питания в январе этого года по отношению к январю 2022-го упал в Липецкой области на 2,4% (на рестораны и кафе липчане потратили 822,2 млн рублей). В 10 регионах ЦФО: Москве, Брянской, Владимирской, Воронежской, Костромской, Курской, Орловской, Рязанской, Смоленской и Тамбовской областях в этом январе на общественное питание потратили больше денег, чем в январе прошлого года.\n\nПо объему платных услуг в январе этого года к январю прошлого года у Липецкой области — второй наихудший показатель по ЦФО. Мы упали на 4,4% в то время, как наши соседи в целом показали рост в 1,5%.', 'news1.jpg', 1),
(474, 197, 'Мошенничество №8', '2023-04-25 19:42:26', 'За сутки жители Липецкой области перевели мошенникам более миллиона рублей', 0, 'По данным пресс-служба полиции, за сутки мошенники обманули жителей Липецкой области более чем на миллион рублей. Но есть и истории со счастливым концом.\n\n«43-летней ельчанке 2 марта позвонил на сотовый телефон «следователь» и сообщил, на имя женщины пытаются оформить кредит. Чтобы не лишиться денег, женщина должна была перечислить средства на безопасный счёт. Ельчанка сразу же догадалась, что имеет дело с мошенникам, внимательно выслушала сначала «полицейского», затем «банковского специалиста», сняла 485 000 рублей со счёта, но перечислять на указанный мошенниками номер не стала. Она закончила телефонные переговоры и обратилась в дежурную часть елецкой полиции. Позже злоумышленники попытались возобновить с ней общение, но женщина не стала отвечать на их звонки», - сообщает пресс-служба УМВД России по Липецкой области.', 'news2.jpg', 0),
(475, 197, 'Наука №9', '2023-04-25 19:42:26', 'Невозможные объекты: в глубоком космосе найдены \"разрушители Вселенной\"', 0, 'Эволюцию Вселенной описывает стандартная космологическпя модель ΛCDM (читается как лямбда-си-ди-эм), основанная на Общей теории относительности Эйнштейна.\nCDM — это cold dark matter, \"холодная темная материя\". На нее приходится около 25 процентов Вселенной. В электромагнитном взаимодействии не участвует, поэтому не фиксируется средствами наблюдения, имеющимися у человечества.\nОднако у нее есть сила притяжения. Сгустки темной материи сыграли ключевую роль в формировании Вселенной — именно вокруг них группировались атомы видимого вещества, которые в конце концов образовали звезды и галактики. Масса и сложность структуры увеличивались постепенно. Поэтому логично предположить, что молодые галактики были меньше и проще, нежели более зрелые, такие как наш Млечный Путь.\nНовейшие телескопы позволили ученым заглянуть в прошлое и проверить эту гипотезу. Известно, что Вселенная расширяется с ускорением под действием силы, противоположной гравитации, — гипотетической темной энергии. Она не способна разрушить галактики, \"скрепленные\" темной материей, поэтому просто \"растаскивает\" их в разные стороны.', 'news3.jpg', 1),
(476, 197, 'Статистика №10', '2023-04-25 19:42:26', 'В Липецкой области в январе за январь ликвидированы 113 предприятий и организаций', 0, 'Росстат опубликовал некоторые итоги социально-экономического развития регионов в январе. По данным статистики, промышленное производство в Липецкой области упало на 2,7% по сравнению с показателем января 2022 года. В минусе вместе с нашей областью оказалось еще четыре региона России. ЦФО в целом, напротив, показало рост (+3,2%).\n\nВ январе промышленники Липецкой области отгрузили товаров на 452 млн рублей, меньше на 18,7, чем в январем 2022-го. По этому показателю лучше нас сработали в Москве, Московской, Белгородской, Владимирской, Воронежской, Тульской и Курской областях. Но если говорить об отношении января к декабрю прошлого года, то у нас случился пусть небольшой, но рост (+1,2% ). Заметим, у единственного субъекта ЦФО. Ближе к нам лишь Белгородская область с ее 93,7% роста к последнему месяцу прошлого года. А хуже всех обстоят дела в Ярославской области с ее абсолютно провальными 22,3%.\n\nВ январе этого года в Липецкой области на убой в живом весе сдано 28,4 тысячи тонн скота и птицы (+18% к январю 2022 года), молока надоено 20,4 тысячи тонн (+4,2%), яиц получено 58,4 млн штук (+4,4%). Но даже с небольшим падением по ряду показателей безоговорочный лидер в АПК — Белгородская область, где в январе на убой в живом весе сдано 138,9 тысячи тонн скота и птицы, надой составил 50,4 тысячи тонн, курицы снесли 118,8 млн штук яиц. На втором месте по валу производства продукции животноводства — Воронежская область. По производству мяса и молока наш регион потеснила Курская область.\n\nВ Липецкой области в январе ввели в эксплуатацию 85,9 тыс кв.м жилья. По графе «строительство жилых домов» с учетом частных — падение на 6,2% относительно января 2022 года. Меньше, чем по ЦФО с его средним падением на 3,6. Больше нас жилья в физических объемах построили в Москве (996,7 тыс. кв.м) и Подмосковье (1098,2 тыс. кв.м), а также в Брянской (185,8 тыс. кв.м), Воронежской (122 тыс. кв.м), Калужской (174 тыс кв.м), Рязанской (102,7 тыс. кв.м), Тульской (123 тыс. кв.м) и Ярославской областях (105,4 тыс. кв.м). У 12 наших соседей объемы строительства жилья (в процентах) выше по отношению к январю 2022 года.\n\nВ январе этого года число хозяйствующих субъектов в регионе уменьшилось с 18 884 до 18 441. Впрочем, прибавку новых предприятий и организаций в ЦФО показали лишь Москва и Смоленская область. Ситуацию ухудшает показатель числа официально ликвидированных организаций в расчете на 1000 существующих: у нас он 6,4 (второй с конца по ЦФО и шестой из наихудших по стране). В Липецкой области в январе ликвидированы 113 организаций. Хуже, чем у нас, дела обстоят в Тульской области, где закрылись 193 предприятия. В Липецкой области, кстати, убыточно каждое четвертое предприятие. По ЦФО доля прибыльных предприятий — 73,9%.\n\nЕсли говорить о заработной плате, то Росстат заявляет о средних 46 355 рублях (+15%) по Липецкой области в 2022 году. Это — седьмой показатель в ЦФО с его и вовсе заоблачными для липчан 81 380 рублями.\n\nЛипчане оставили в магазинах в январе 26,1 млрд рублей — на 5,3% меньше, чем в январе 2022 года. Но по ЦФО падение товарооборота составило даже большую цифру — 10,8%. При этом в Москве и в Московской области товарооборот за год упал на 13,5% и на 13,8% соответственно.\n\nОборот общественного питания в январе этого года по отношению к январю 2022-го упал в Липецкой области на 2,4% (на рестораны и кафе липчане потратили 822,2 млн рублей). В 10 регионах ЦФО: Москве, Брянской, Владимирской, Воронежской, Костромской, Курской, Орловской, Рязанской, Смоленской и Тамбовской областях в этом январе на общественное питание потратили больше денег, чем в январе прошлого года.\n\nПо объему платных услуг в январе этого года к январю прошлого года у Липецкой области — второй наихудший показатель по ЦФО. Мы упали на 4,4% в то время, как наши соседи в целом показали рост в 1,5%.', 'news1.jpg', 1),
(477, 197, 'Мошенничество №11', '2023-04-25 19:42:26', 'За сутки жители Липецкой области перевели мошенникам более миллиона рублей', 0, 'По данным пресс-служба полиции, за сутки мошенники обманули жителей Липецкой области более чем на миллион рублей. Но есть и истории со счастливым концом.\n\n«43-летней ельчанке 2 марта позвонил на сотовый телефон «следователь» и сообщил, на имя женщины пытаются оформить кредит. Чтобы не лишиться денег, женщина должна была перечислить средства на безопасный счёт. Ельчанка сразу же догадалась, что имеет дело с мошенникам, внимательно выслушала сначала «полицейского», затем «банковского специалиста», сняла 485 000 рублей со счёта, но перечислять на указанный мошенниками номер не стала. Она закончила телефонные переговоры и обратилась в дежурную часть елецкой полиции. Позже злоумышленники попытались возобновить с ней общение, но женщина не стала отвечать на их звонки», - сообщает пресс-служба УМВД России по Липецкой области.', 'news2.jpg', 0),
(478, 197, 'Наука №12', '2023-04-25 19:42:26', 'Невозможные объекты: в глубоком космосе найдены \"разрушители Вселенной\"', 0, 'Эволюцию Вселенной описывает стандартная космологическпя модель ΛCDM (читается как лямбда-си-ди-эм), основанная на Общей теории относительности Эйнштейна.\nCDM — это cold dark matter, \"холодная темная материя\". На нее приходится около 25 процентов Вселенной. В электромагнитном взаимодействии не участвует, поэтому не фиксируется средствами наблюдения, имеющимися у человечества.\nОднако у нее есть сила притяжения. Сгустки темной материи сыграли ключевую роль в формировании Вселенной — именно вокруг них группировались атомы видимого вещества, которые в конце концов образовали звезды и галактики. Масса и сложность структуры увеличивались постепенно. Поэтому логично предположить, что молодые галактики были меньше и проще, нежели более зрелые, такие как наш Млечный Путь.\nНовейшие телескопы позволили ученым заглянуть в прошлое и проверить эту гипотезу. Известно, что Вселенная расширяется с ускорением под действием силы, противоположной гравитации, — гипотетической темной энергии. Она не способна разрушить галактики, \"скрепленные\" темной материей, поэтому просто \"растаскивает\" их в разные стороны.', 'news3.jpg', 1),
(479, 197, 'Статистика №13', '2023-04-25 19:42:26', 'В Липецкой области в январе за январь ликвидированы 113 предприятий и организаций', 0, 'Росстат опубликовал некоторые итоги социально-экономического развития регионов в январе. По данным статистики, промышленное производство в Липецкой области упало на 2,7% по сравнению с показателем января 2022 года. В минусе вместе с нашей областью оказалось еще четыре региона России. ЦФО в целом, напротив, показало рост (+3,2%).\n\nВ январе промышленники Липецкой области отгрузили товаров на 452 млн рублей, меньше на 18,7, чем в январем 2022-го. По этому показателю лучше нас сработали в Москве, Московской, Белгородской, Владимирской, Воронежской, Тульской и Курской областях. Но если говорить об отношении января к декабрю прошлого года, то у нас случился пусть небольшой, но рост (+1,2% ). Заметим, у единственного субъекта ЦФО. Ближе к нам лишь Белгородская область с ее 93,7% роста к последнему месяцу прошлого года. А хуже всех обстоят дела в Ярославской области с ее абсолютно провальными 22,3%.\n\nВ январе этого года в Липецкой области на убой в живом весе сдано 28,4 тысячи тонн скота и птицы (+18% к январю 2022 года), молока надоено 20,4 тысячи тонн (+4,2%), яиц получено 58,4 млн штук (+4,4%). Но даже с небольшим падением по ряду показателей безоговорочный лидер в АПК — Белгородская область, где в январе на убой в живом весе сдано 138,9 тысячи тонн скота и птицы, надой составил 50,4 тысячи тонн, курицы снесли 118,8 млн штук яиц. На втором месте по валу производства продукции животноводства — Воронежская область. По производству мяса и молока наш регион потеснила Курская область.\n\nВ Липецкой области в январе ввели в эксплуатацию 85,9 тыс кв.м жилья. По графе «строительство жилых домов» с учетом частных — падение на 6,2% относительно января 2022 года. Меньше, чем по ЦФО с его средним падением на 3,6. Больше нас жилья в физических объемах построили в Москве (996,7 тыс. кв.м) и Подмосковье (1098,2 тыс. кв.м), а также в Брянской (185,8 тыс. кв.м), Воронежской (122 тыс. кв.м), Калужской (174 тыс кв.м), Рязанской (102,7 тыс. кв.м), Тульской (123 тыс. кв.м) и Ярославской областях (105,4 тыс. кв.м). У 12 наших соседей объемы строительства жилья (в процентах) выше по отношению к январю 2022 года.\n\nВ январе этого года число хозяйствующих субъектов в регионе уменьшилось с 18 884 до 18 441. Впрочем, прибавку новых предприятий и организаций в ЦФО показали лишь Москва и Смоленская область. Ситуацию ухудшает показатель числа официально ликвидированных организаций в расчете на 1000 существующих: у нас он 6,4 (второй с конца по ЦФО и шестой из наихудших по стране). В Липецкой области в январе ликвидированы 113 организаций. Хуже, чем у нас, дела обстоят в Тульской области, где закрылись 193 предприятия. В Липецкой области, кстати, убыточно каждое четвертое предприятие. По ЦФО доля прибыльных предприятий — 73,9%.\n\nЕсли говорить о заработной плате, то Росстат заявляет о средних 46 355 рублях (+15%) по Липецкой области в 2022 году. Это — седьмой показатель в ЦФО с его и вовсе заоблачными для липчан 81 380 рублями.\n\nЛипчане оставили в магазинах в январе 26,1 млрд рублей — на 5,3% меньше, чем в январе 2022 года. Но по ЦФО падение товарооборота составило даже большую цифру — 10,8%. При этом в Москве и в Московской области товарооборот за год упал на 13,5% и на 13,8% соответственно.\n\nОборот общественного питания в январе этого года по отношению к январю 2022-го упал в Липецкой области на 2,4% (на рестораны и кафе липчане потратили 822,2 млн рублей). В 10 регионах ЦФО: Москве, Брянской, Владимирской, Воронежской, Костромской, Курской, Орловской, Рязанской, Смоленской и Тамбовской областях в этом январе на общественное питание потратили больше денег, чем в январе прошлого года.\n\nПо объему платных услуг в январе этого года к январю прошлого года у Липецкой области — второй наихудший показатель по ЦФО. Мы упали на 4,4% в то время, как наши соседи в целом показали рост в 1,5%.', 'news1.jpg', 1),
(480, 197, 'Мошенничество №14', '2023-04-25 19:42:26', 'За сутки жители Липецкой области перевели мошенникам более миллиона рублей', 0, 'По данным пресс-служба полиции, за сутки мошенники обманули жителей Липецкой области более чем на миллион рублей. Но есть и истории со счастливым концом.\n\n«43-летней ельчанке 2 марта позвонил на сотовый телефон «следователь» и сообщил, на имя женщины пытаются оформить кредит. Чтобы не лишиться денег, женщина должна была перечислить средства на безопасный счёт. Ельчанка сразу же догадалась, что имеет дело с мошенникам, внимательно выслушала сначала «полицейского», затем «банковского специалиста», сняла 485 000 рублей со счёта, но перечислять на указанный мошенниками номер не стала. Она закончила телефонные переговоры и обратилась в дежурную часть елецкой полиции. Позже злоумышленники попытались возобновить с ней общение, но женщина не стала отвечать на их звонки», - сообщает пресс-служба УМВД России по Липецкой области.', 'news2.jpg', 0),
(481, 197, 'Наука №15', '2023-04-25 19:42:26', 'Невозможные объекты: в глубоком космосе найдены \"разрушители Вселенной\"', 0, 'Эволюцию Вселенной описывает стандартная космологическпя модель ΛCDM (читается как лямбда-си-ди-эм), основанная на Общей теории относительности Эйнштейна.\nCDM — это cold dark matter, \"холодная темная материя\". На нее приходится около 25 процентов Вселенной. В электромагнитном взаимодействии не участвует, поэтому не фиксируется средствами наблюдения, имеющимися у человечества.\nОднако у нее есть сила притяжения. Сгустки темной материи сыграли ключевую роль в формировании Вселенной — именно вокруг них группировались атомы видимого вещества, которые в конце концов образовали звезды и галактики. Масса и сложность структуры увеличивались постепенно. Поэтому логично предположить, что молодые галактики были меньше и проще, нежели более зрелые, такие как наш Млечный Путь.\nНовейшие телескопы позволили ученым заглянуть в прошлое и проверить эту гипотезу. Известно, что Вселенная расширяется с ускорением под действием силы, противоположной гравитации, — гипотетической темной энергии. Она не способна разрушить галактики, \"скрепленные\" темной материей, поэтому просто \"растаскивает\" их в разные стороны.', 'news3.jpg', 1),
(482, 197, 'Статистика №16', '2023-04-25 19:42:26', 'В Липецкой области в январе за январь ликвидированы 113 предприятий и организаций', 0, 'Росстат опубликовал некоторые итоги социально-экономического развития регионов в январе. По данным статистики, промышленное производство в Липецкой области упало на 2,7% по сравнению с показателем января 2022 года. В минусе вместе с нашей областью оказалось еще четыре региона России. ЦФО в целом, напротив, показало рост (+3,2%).\n\nВ январе промышленники Липецкой области отгрузили товаров на 452 млн рублей, меньше на 18,7, чем в январем 2022-го. По этому показателю лучше нас сработали в Москве, Московской, Белгородской, Владимирской, Воронежской, Тульской и Курской областях. Но если говорить об отношении января к декабрю прошлого года, то у нас случился пусть небольшой, но рост (+1,2% ). Заметим, у единственного субъекта ЦФО. Ближе к нам лишь Белгородская область с ее 93,7% роста к последнему месяцу прошлого года. А хуже всех обстоят дела в Ярославской области с ее абсолютно провальными 22,3%.\n\nВ январе этого года в Липецкой области на убой в живом весе сдано 28,4 тысячи тонн скота и птицы (+18% к январю 2022 года), молока надоено 20,4 тысячи тонн (+4,2%), яиц получено 58,4 млн штук (+4,4%). Но даже с небольшим падением по ряду показателей безоговорочный лидер в АПК — Белгородская область, где в январе на убой в живом весе сдано 138,9 тысячи тонн скота и птицы, надой составил 50,4 тысячи тонн, курицы снесли 118,8 млн штук яиц. На втором месте по валу производства продукции животноводства — Воронежская область. По производству мяса и молока наш регион потеснила Курская область.\n\nВ Липецкой области в январе ввели в эксплуатацию 85,9 тыс кв.м жилья. По графе «строительство жилых домов» с учетом частных — падение на 6,2% относительно января 2022 года. Меньше, чем по ЦФО с его средним падением на 3,6. Больше нас жилья в физических объемах построили в Москве (996,7 тыс. кв.м) и Подмосковье (1098,2 тыс. кв.м), а также в Брянской (185,8 тыс. кв.м), Воронежской (122 тыс. кв.м), Калужской (174 тыс кв.м), Рязанской (102,7 тыс. кв.м), Тульской (123 тыс. кв.м) и Ярославской областях (105,4 тыс. кв.м). У 12 наших соседей объемы строительства жилья (в процентах) выше по отношению к январю 2022 года.\n\nВ январе этого года число хозяйствующих субъектов в регионе уменьшилось с 18 884 до 18 441. Впрочем, прибавку новых предприятий и организаций в ЦФО показали лишь Москва и Смоленская область. Ситуацию ухудшает показатель числа официально ликвидированных организаций в расчете на 1000 существующих: у нас он 6,4 (второй с конца по ЦФО и шестой из наихудших по стране). В Липецкой области в январе ликвидированы 113 организаций. Хуже, чем у нас, дела обстоят в Тульской области, где закрылись 193 предприятия. В Липецкой области, кстати, убыточно каждое четвертое предприятие. По ЦФО доля прибыльных предприятий — 73,9%.\n\nЕсли говорить о заработной плате, то Росстат заявляет о средних 46 355 рублях (+15%) по Липецкой области в 2022 году. Это — седьмой показатель в ЦФО с его и вовсе заоблачными для липчан 81 380 рублями.\n\nЛипчане оставили в магазинах в январе 26,1 млрд рублей — на 5,3% меньше, чем в январе 2022 года. Но по ЦФО падение товарооборота составило даже большую цифру — 10,8%. При этом в Москве и в Московской области товарооборот за год упал на 13,5% и на 13,8% соответственно.\n\nОборот общественного питания в январе этого года по отношению к январю 2022-го упал в Липецкой области на 2,4% (на рестораны и кафе липчане потратили 822,2 млн рублей). В 10 регионах ЦФО: Москве, Брянской, Владимирской, Воронежской, Костромской, Курской, Орловской, Рязанской, Смоленской и Тамбовской областях в этом январе на общественное питание потратили больше денег, чем в январе прошлого года.\n\nПо объему платных услуг в январе этого года к январю прошлого года у Липецкой области — второй наихудший показатель по ЦФО. Мы упали на 4,4% в то время, как наши соседи в целом показали рост в 1,5%.', 'news1.jpg', 1),
(483, 197, 'Мошенничество №17', '2023-04-25 19:42:26', 'За сутки жители Липецкой области перевели мошенникам более миллиона рублей', 0, 'По данным пресс-служба полиции, за сутки мошенники обманули жителей Липецкой области более чем на миллион рублей. Но есть и истории со счастливым концом.\n\n«43-летней ельчанке 2 марта позвонил на сотовый телефон «следователь» и сообщил, на имя женщины пытаются оформить кредит. Чтобы не лишиться денег, женщина должна была перечислить средства на безопасный счёт. Ельчанка сразу же догадалась, что имеет дело с мошенникам, внимательно выслушала сначала «полицейского», затем «банковского специалиста», сняла 485 000 рублей со счёта, но перечислять на указанный мошенниками номер не стала. Она закончила телефонные переговоры и обратилась в дежурную часть елецкой полиции. Позже злоумышленники попытались возобновить с ней общение, но женщина не стала отвечать на их звонки», - сообщает пресс-служба УМВД России по Липецкой области.', 'news2.jpg', 0),
(484, 197, 'Наука №18', '2023-04-25 19:42:26', 'Невозможные объекты: в глубоком космосе найдены \"разрушители Вселенной\"', 0, 'Эволюцию Вселенной описывает стандартная космологическпя модель ΛCDM (читается как лямбда-си-ди-эм), основанная на Общей теории относительности Эйнштейна.\nCDM — это cold dark matter, \"холодная темная материя\". На нее приходится около 25 процентов Вселенной. В электромагнитном взаимодействии не участвует, поэтому не фиксируется средствами наблюдения, имеющимися у человечества.\nОднако у нее есть сила притяжения. Сгустки темной материи сыграли ключевую роль в формировании Вселенной — именно вокруг них группировались атомы видимого вещества, которые в конце концов образовали звезды и галактики. Масса и сложность структуры увеличивались постепенно. Поэтому логично предположить, что молодые галактики были меньше и проще, нежели более зрелые, такие как наш Млечный Путь.\nНовейшие телескопы позволили ученым заглянуть в прошлое и проверить эту гипотезу. Известно, что Вселенная расширяется с ускорением под действием силы, противоположной гравитации, — гипотетической темной энергии. Она не способна разрушить галактики, \"скрепленные\" темной материей, поэтому просто \"растаскивает\" их в разные стороны.', 'news3.jpg', 1),
(485, 197, 'Статистика №19', '2023-04-25 19:42:26', 'В Липецкой области в январе за январь ликвидированы 113 предприятий и организаций', 0, 'Росстат опубликовал некоторые итоги социально-экономического развития регионов в январе. По данным статистики, промышленное производство в Липецкой области упало на 2,7% по сравнению с показателем января 2022 года. В минусе вместе с нашей областью оказалось еще четыре региона России. ЦФО в целом, напротив, показало рост (+3,2%).\n\nВ январе промышленники Липецкой области отгрузили товаров на 452 млн рублей, меньше на 18,7, чем в январем 2022-го. По этому показателю лучше нас сработали в Москве, Московской, Белгородской, Владимирской, Воронежской, Тульской и Курской областях. Но если говорить об отношении января к декабрю прошлого года, то у нас случился пусть небольшой, но рост (+1,2% ). Заметим, у единственного субъекта ЦФО. Ближе к нам лишь Белгородская область с ее 93,7% роста к последнему месяцу прошлого года. А хуже всех обстоят дела в Ярославской области с ее абсолютно провальными 22,3%.\n\nВ январе этого года в Липецкой области на убой в живом весе сдано 28,4 тысячи тонн скота и птицы (+18% к январю 2022 года), молока надоено 20,4 тысячи тонн (+4,2%), яиц получено 58,4 млн штук (+4,4%). Но даже с небольшим падением по ряду показателей безоговорочный лидер в АПК — Белгородская область, где в январе на убой в живом весе сдано 138,9 тысячи тонн скота и птицы, надой составил 50,4 тысячи тонн, курицы снесли 118,8 млн штук яиц. На втором месте по валу производства продукции животноводства — Воронежская область. По производству мяса и молока наш регион потеснила Курская область.\n\nВ Липецкой области в январе ввели в эксплуатацию 85,9 тыс кв.м жилья. По графе «строительство жилых домов» с учетом частных — падение на 6,2% относительно января 2022 года. Меньше, чем по ЦФО с его средним падением на 3,6. Больше нас жилья в физических объемах построили в Москве (996,7 тыс. кв.м) и Подмосковье (1098,2 тыс. кв.м), а также в Брянской (185,8 тыс. кв.м), Воронежской (122 тыс. кв.м), Калужской (174 тыс кв.м), Рязанской (102,7 тыс. кв.м), Тульской (123 тыс. кв.м) и Ярославской областях (105,4 тыс. кв.м). У 12 наших соседей объемы строительства жилья (в процентах) выше по отношению к январю 2022 года.\n\nВ январе этого года число хозяйствующих субъектов в регионе уменьшилось с 18 884 до 18 441. Впрочем, прибавку новых предприятий и организаций в ЦФО показали лишь Москва и Смоленская область. Ситуацию ухудшает показатель числа официально ликвидированных организаций в расчете на 1000 существующих: у нас он 6,4 (второй с конца по ЦФО и шестой из наихудших по стране). В Липецкой области в январе ликвидированы 113 организаций. Хуже, чем у нас, дела обстоят в Тульской области, где закрылись 193 предприятия. В Липецкой области, кстати, убыточно каждое четвертое предприятие. По ЦФО доля прибыльных предприятий — 73,9%.\n\nЕсли говорить о заработной плате, то Росстат заявляет о средних 46 355 рублях (+15%) по Липецкой области в 2022 году. Это — седьмой показатель в ЦФО с его и вовсе заоблачными для липчан 81 380 рублями.\n\nЛипчане оставили в магазинах в январе 26,1 млрд рублей — на 5,3% меньше, чем в январе 2022 года. Но по ЦФО падение товарооборота составило даже большую цифру — 10,8%. При этом в Москве и в Московской области товарооборот за год упал на 13,5% и на 13,8% соответственно.\n\nОборот общественного питания в январе этого года по отношению к январю 2022-го упал в Липецкой области на 2,4% (на рестораны и кафе липчане потратили 822,2 млн рублей). В 10 регионах ЦФО: Москве, Брянской, Владимирской, Воронежской, Костромской, Курской, Орловской, Рязанской, Смоленской и Тамбовской областях в этом январе на общественное питание потратили больше денег, чем в январе прошлого года.\n\nПо объему платных услуг в январе этого года к январю прошлого года у Липецкой области — второй наихудший показатель по ЦФО. Мы упали на 4,4% в то время, как наши соседи в целом показали рост в 1,5%.', 'news1.jpg', 1),
(486, 197, 'Мошенничество №20', '2023-04-25 19:42:26', 'За сутки жители Липецкой области перевели мошенникам более миллиона рублей', 0, 'По данным пресс-служба полиции, за сутки мошенники обманули жителей Липецкой области более чем на миллион рублей. Но есть и истории со счастливым концом.\n\n«43-летней ельчанке 2 марта позвонил на сотовый телефон «следователь» и сообщил, на имя женщины пытаются оформить кредит. Чтобы не лишиться денег, женщина должна была перечислить средства на безопасный счёт. Ельчанка сразу же догадалась, что имеет дело с мошенникам, внимательно выслушала сначала «полицейского», затем «банковского специалиста», сняла 485 000 рублей со счёта, но перечислять на указанный мошенниками номер не стала. Она закончила телефонные переговоры и обратилась в дежурную часть елецкой полиции. Позже злоумышленники попытались возобновить с ней общение, но женщина не стала отвечать на их звонки», - сообщает пресс-служба УМВД России по Липецкой области.', 'news2.jpg', 0);

-- --------------------------------------------------------

--
-- Структура таблицы `user`
--

CREATE TABLE `user` (
  `id` int NOT NULL,
  `login` varchar(30) CHARACTER SET utf8mb4 COLLATE utf8mb4_unicode_ci NOT NULL,
  `email` varchar(180) CHARACTER SET utf8mb4 COLLATE utf8mb4_unicode_ci NOT NULL,
  `roles` json NOT NULL,
  `password` varchar(255) CHARACTER SET utf8mb4 COLLATE utf8mb4_unicode_ci NOT NULL,
  `api_token` varchar(500) CHARACTER SET utf8mb4 COLLATE utf8mb4_unicode_ci NOT NULL
) ENGINE=InnoDB DEFAULT CHARSET=utf8mb4 COLLATE=utf8mb4_unicode_ci;

--
-- Дамп данных таблицы `user`
--

INSERT INTO `user` (`id`, `login`, `email`, `roles`, `password`, `api_token`) VALUES
(196, 'nastya_user', 'nastya_user@mail.ru', '[\"ROLE_USER\"]', '$2y$04$U.9ziO81W7LM08QWm7SgEeGXof0m4ohxMpvB.p3CRETXwySHuEGki', '2917f1fe-e388-11ed-871d-75a53f4db612'),
(197, 'nastya_admin', 'nastya_admin@mail.ru', '[\"ROLE_USER\", \"ROLE_ADMIN\"]', '$2y$04$MnCdqkeMlp3b.K95jWXK2.2lYqaFyVtTAYH0wnbA43Lsx/eY34cQq', '2918c584-e388-11ed-a227-75a53f4db612');

--
-- Индексы сохранённых таблиц
--

--
-- Индексы таблицы `comments`
--
ALTER TABLE `comments`
  ADD PRIMARY KEY (`id`),
  ADD KEY `IDX_5F9E962AA76ED395` (`user_id`),
  ADD KEY `IDX_5F9E962ABD06B3B3` (`new_id`);

--
-- Индексы таблицы `doctrine_migration_versions`
--
ALTER TABLE `doctrine_migration_versions`
  ADD PRIMARY KEY (`version`);

--
-- Индексы таблицы `messenger_messages`
--
ALTER TABLE `messenger_messages`
  ADD PRIMARY KEY (`id`),
  ADD KEY `IDX_75EA56E016BA31DB` (`delivered_at`),
  ADD KEY `IDX_75EA56E0FB7336F0` (`queue_name`),
  ADD KEY `IDX_75EA56E0E3BD61CE` (`available_at`);

--
-- Индексы таблицы `news`
--
ALTER TABLE `news`
  ADD PRIMARY KEY (`id`),
  ADD KEY `IDX_1DD39950A76ED395` (`user_id`);

--
-- Индексы таблицы `user`
--
ALTER TABLE `user`
  ADD PRIMARY KEY (`id`),
  ADD UNIQUE KEY `UNIQ_8D93D649E7927C74` (`email`);

--
-- AUTO_INCREMENT для сохранённых таблиц
--

--
-- AUTO_INCREMENT для таблицы `comments`
--
ALTER TABLE `comments`
  MODIFY `id` int NOT NULL AUTO_INCREMENT, AUTO_INCREMENT=414;

--
-- AUTO_INCREMENT для таблицы `messenger_messages`
--
ALTER TABLE `messenger_messages`
  MODIFY `id` bigint NOT NULL AUTO_INCREMENT;

--
-- AUTO_INCREMENT для таблицы `news`
--
ALTER TABLE `news`
  MODIFY `id` int NOT NULL AUTO_INCREMENT, AUTO_INCREMENT=487;

--
-- AUTO_INCREMENT для таблицы `user`
--
ALTER TABLE `user`
  MODIFY `id` int NOT NULL AUTO_INCREMENT, AUTO_INCREMENT=198;

--
-- Ограничения внешнего ключа сохраненных таблиц
--

--
-- Ограничения внешнего ключа таблицы `comments`
--
ALTER TABLE `comments`
  ADD CONSTRAINT `FK_5F9E962AA76ED395` FOREIGN KEY (`user_id`) REFERENCES `user` (`id`),
  ADD CONSTRAINT `FK_5F9E962ABD06B3B3` FOREIGN KEY (`new_id`) REFERENCES `news` (`id`);

--
-- Ограничения внешнего ключа таблицы `news`
--
ALTER TABLE `news`
  ADD CONSTRAINT `FK_1DD39950A76ED395` FOREIGN KEY (`user_id`) REFERENCES `user` (`id`);
COMMIT;

/*!40101 SET CHARACTER_SET_CLIENT=@OLD_CHARACTER_SET_CLIENT */;
/*!40101 SET CHARACTER_SET_RESULTS=@OLD_CHARACTER_SET_RESULTS */;
/*!40101 SET COLLATION_CONNECTION=@OLD_COLLATION_CONNECTION */;
